Nome do Evento;Descricao;Data do Evento;Data de Cadastro;Acesso Livre;Tipo do Evento;Palestrante
Evento A;Descricao A;18/03/2019 19:00;09/01/2019;1;1;2
Evento B;Descricao B;19/03/2019 19:00;09/01/2019;1;2;2
Evento C;Descricao C;20/03/2019 19:00;09/01/2019;1;3;2
Evento D;Descricao D;21/03/2019 19:00;09/01/2019;1;4;2
Evento E;Descricao E;22/03/2019 19:00;09/01/2019;0;1;2
Evento F;Descricao F;23/03/2019 19:00;09/01/2019;0;2;2
Evento G;Descricao G;24/03/2019 19:00;09/01/2019;0;3;2
Evento H;Descricao H;25/03/2019 19:00;09/01/2019;0;4;2
Evento I;Descricao I;26/03/2019 19:00;09/01/2019;0;1;2
Evento J;Descricao J;27/03/2019 19:00;09/01/2019;0;2;2
Evento K;Descricao K;28/03/2019 19:00;09/01/2019;0;3;2
Evento L;Descricao L;29/03/2019 19:00;09/01/2019;1;4;2
Evento M;Descricao M;30/03/2019 19:00;09/01/2019;1;1;2
Evento N;Descricao N;31/03/2019 19:00;09/01/2019;1;2;2
Evento O;Descricao O;01/04/2019 19:00;09/01/2019;1;3;2
Evento P;Descricao P;02/04/2019 19:00;09/01/2019;1;4;2
